song_id,entry_date,exit_date,days_on_playlist,peak_position,peak_date,time_to_peak
0 CONFIANZA - Rvfv,2025-06-02,2025-06-23,20,23,2025-06-07,5
"1 de Enero, Puntacana - Rels B",2025-04-28,2025-04-28,1,45,2025-04-28,0
1000COSAS - Lola Indigo & Manuel Turizo,2025-03-10,2025-11-13,245,3,2025-03-10,0
100xCiento - Foreign Teck & Eladio Carrion & De La Ghetto,2025-04-30,2025-05-15,11,13,2025-05-11,11
14 FEBREROS - Quevedo,2025-11-24,2025-11-27,4,9,2025-11-24,0
2AM - Sebastian Yatra & Bad Gyal,2025-11-24,2025-11-27,4,31,2025-11-27,3
2xLL - JC Reyes & YOVNGCHIMI & Slayter,2025-07-12,2025-08-09,26,35,2025-07-23,11
3 CAÍDAS - SAIKO,2025-04-28,2025-05-05,8,13,2025-04-28,0
4 PREZ - Cruz Cafuné,2024-05-28,2024-05-29,2,35,2024-05-28,0
4TO 23 - Aitana,2025-07-07,2025-07-16,9,17,2025-07-07,0
50 PALOS - Feid,2024-12-02,2024-12-02,1,38,2024-12-02,0
57 - KAROL G & Feid & DFZM,2025-11-10,2025-11-27,18,8,2025-11-10,0
58 - JHAYCO,2025-09-08,2025-09-18,8,35,2025-09-08,0
69 - Nicky Jam & Feid,2024-05-21,2024-06-30,41,22,2024-05-31,10
A 300 - JC Reyes & Pedro Calderon,2024-08-06,2025-01-05,148,15,2025-01-05,152
A 300 - JC Reyes & Pedro Calderon & Blacknife,2025-01-06,2025-04-24,107,11,2025-01-14,8
ACHO PR - Bad Bunny,2024-10-14,2024-10-20,7,15,2024-10-14,0
ADIVINO - Myke Towers,2025-08-24,2025-11-16,85,10,2025-08-24,0
ADIVINO - Myke Towers & Bad Bunny,2025-04-28,2025-08-23,116,1,2025-04-28,0
ALAKRAN - Feid,2024-12-02,2024-12-05,3,24,2024-12-02,0
AMANECIÓ - Quevedo,2025-11-24,2025-11-27,4,13,2025-11-24,0
AMARGURA - KAROL G,2024-05-26,2025-10-31,153,16,2025-07-26,426
APAGA EL CEL - FloyyMenor,2025-08-10,2025-09-04,14,22,2025-08-10,0
APAGA EL CEL - FloyyMenor & Lewis Somes,2025-05-26,2025-08-09,75,7,2025-06-12,17
APT. - ROSÉ & Bruno Mars,2025-10-23,2025-11-01,7,42,2025-10-30,7
AQYNE - Aitana,2024-09-27,2024-09-29,3,40,2024-09-28,1
ASI ES LA VIDA - Enrique Iglesias & Maria Becerra,2024-11-22,2025-03-23,67,38,2025-01-31,70
ATTITUDE (FEAT. CHARLIE WILSON & CASH COBAIN) - Don Toliver,2025-06-21,2025-06-21,1,46,2025-06-21,0
AUNQUE LLEGUE OTRO (feat. Jay Wheeler) - Myke Towers,2025-08-24,2025-08-24,1,23,2025-08-24,0
AYER Y HOY - Mora,2024-08-30,2024-08-31,2,23,2024-08-30,0
Acróstico - Shakira,2024-05-18,2024-07-09,53,1,2024-05-19,1
Akureyri - Aitana & Sebastian Yatra,2025-04-28,2025-06-01,34,10,2025-04-28,0
Alegría - Tiago PZK,2025-09-28,2025-10-05,8,8,2025-10-02,4
All I Want for Christmas Is You - Mariah Carey,2024-12-03,2025-01-02,20,1,2024-12-25,22
Alucin - Eugenio Esquivel & Grupo Marca Registrada & Sebastian Esquivel,2025-01-13,2025-04-05,35,21,2025-03-22,68
Amanece - Anuel AA & Haze,2024-05-25,2025-07-06,15,47,2024-06-23,29
Amar De Nuevo - Rauw Alejandro,2025-11-17,2025-11-17,1,45,2025-11-17,0
Andando - Morad,2024-05-18,2024-06-03,17,34,2024-05-19,1
Antes - Rvfv & Edu García,2024-05-18,2024-07-22,58,29,2024-05-18,0
Antidepresivos - Saiko,2024-08-06,2024-12-19,136,13,2024-08-06,0
Arena y Sal - Omar Montes & Saiko & Tunvao,2024-05-21,2025-01-20,242,3,2024-08-06,77
Arranca (feat. Omega) - Becky G & Omega,2024-05-18,2024-07-25,69,38,2024-05-18,0
Ayer - DELLAFUENTE,2025-06-16,2025-06-18,2,37,2025-06-16,0
BABY HELLO - Rauw Alejandro,2024-07-09,2025-04-19,282,3,2024-07-09,0
BABY HELLO - Rauw Alejandro & Bizarrap,2024-06-25,2024-07-08,14,2,2024-06-28,3
BABY NUEVA - Bad Bunny,2024-10-14,2024-10-28,15,12,2024-10-14,0
BAD BOY - Chris Jedi & Gaby Music & Dei V,2025-02-11,2025-03-10,28,16,2025-02-11,0
BADGYAL - SAIKO,2025-04-28,2025-11-23,208,1,2025-05-01,3
BANDIT - Don Toliver,2025-06-21,2025-06-21,1,27,2025-06-21,0
BATICANO - Bad Bunny,2024-10-14,2024-10-18,5,23,2024-10-14,0
BBY BOO - REMIX - iZaak & Jhayco & Anuel AA,2025-03-30,2025-07-23,115,5,2025-04-18,19
"BESAME (feat. Tiago PZK, Khea & Neo Pistea) - Remix - Bhavi & Seven Kayne & Milo j",2025-04-24,2025-05-06,11,28,2025-04-26,2
BESO - ROSALÍA & Rauw Alejandro,2024-05-18,2024-10-06,142,4,2024-05-18,0
BESOS (with Kidd Keo & Neelo) - SwaggGlock & Kidd Keo & Neelo,2024-09-14,2024-10-13,30,22,2024-09-19,5
BIRDS OF A FEATHER - Billie Eilish,2025-06-12,2025-06-13,2,49,2025-06-12,0
BOREAL - SAIKO,2025-04-28,2025-05-01,4,22,2025-04-28,0
BUBALU - Feid,2024-09-30,2024-10-06,7,26,2024-09-30,0
BUBALU - Feid & Rema,2024-09-24,2024-09-29,6,21,2024-09-25,1
BUENAS NOCHES - Quevedo,2025-11-24,2025-11-27,4,18,2025-11-24,0
Bailando Bachata - Chayanne,2025-05-13,2025-06-02,9,45,2025-06-01,19
Baja Pa' Acá - Rauw Alejandro,2025-11-17,2025-11-20,4,22,2025-11-17,0
Bandidona - Saiko,2024-10-29,2024-11-10,13,20,2024-10-29,0
Barro - Duki,2025-10-20,2025-10-20,1,40,2025-10-20,0
Beautiful Things - Benson Boone,2025-03-13,2025-06-23,91,17,2025-04-04,22
Bendecido - Eladio Carrion,2025-01-21,2025-01-26,6,7,2025-01-21,0
Besitos BB 2.0 - El Perla & Omar Montes & SAIKO,2025-10-16,2025-10-31,11,9,2025-10-16,0
Beso Prohibido - Beny Jr,2025-09-07,2025-09-07,1,49,2025-09-07,0
Brindis - Duki,2025-11-03,2025-11-07,3,30,2025-11-03,0
Buenas - Quevedo & SAIKO,2025-03-02,2025-03-12,11,39,2025-03-02,0
Buenas - Quevedo & Saiko,2024-09-24,2025-03-01,159,1,2024-09-24,0
Buscando Money - TWENTY SIX & Tayson Kryss,2025-02-02,2025-04-17,73,4,2025-02-15,13
Buscarte Lejos - Duki,2025-11-03,2025-11-09,7,28,2025-11-06,3
CACHÉ - Myke Towers,2025-08-24,2025-08-24,1,47,2025-08-24,0
CALL ME MAYBE - Duki,2024-12-10,2024-12-10,1,50,2024-12-10,0
CARITA TRISTE - Ana Mena & Emilia,2025-09-01,2025-11-23,84,9,2025-09-07,6
CARTERA & TACOS - Myke Towers,2024-11-25,2024-11-25,1,47,2024-11-25,0
CHAPIADORA.COM - Quevedo,2025-11-24,2025-11-27,4,8,2025-11-24,0
CHIHIRO - Billie Eilish,2025-05-19,2025-05-25,7,39,2025-05-19,0
CHORRITO PA LAS ANIMAS - Feid,2024-05-18,2024-06-14,28,32,2024-05-18,0
CHULA - JC Reyes,2024-12-28,2025-01-20,8,49,2025-01-17,20
CLASSY 101 - Feid,2024-12-02,2025-01-17,28,16,2024-12-02,0
CLASSY 101 - Feid & Young Miko,2024-12-01,2024-12-01,1,35,2024-12-01,0
COCO LOCO - Maluma,2024-07-01,2024-11-26,113,9,2024-08-06,36
COLMILLO - Tainy,2024-10-19,2024-11-14,9,18,2024-11-10,22
COMETA HALLEY - SAIKO,2025-04-28,2025-05-05,8,24,2025-04-28,0
COMO SUENAN LAS ESTRELLAS - SAIKO,2025-04-28,2025-05-19,22,24,2025-04-30,2
COMPETENCIA - Myke Towers,2025-08-24,2025-08-25,2,19,2025-08-24,0
COMUNA 3 - JC Reyes & The Rude Boyz,2025-05-16,2025-05-17,2,38,2025-05-17,1
COMUNA 3 - JC Reyes & The Rudeboyz,2025-05-18,2025-09-17,120,12,2025-06-05,18
CONTIGO (with Tiësto) - KAROL G & Tiësto,2025-02-17,2025-03-24,35,13,2025-02-18,1
CORAZÓN VACÍO - Maria Becerra,2024-07-05,2024-10-13,101,19,2024-07-19,14
CORLEONE - Saiko,2024-12-24,2025-01-15,20,21,2024-12-24,0
CORLEONE - Saiko & Yandel,2024-12-17,2024-12-23,7,16,2024-12-21,4
COSAS QUE NO TE DIJE - SAIKO,2025-03-02,2025-04-27,55,25,2025-03-04,2
COSAS QUE NO TE DIJE - Saiko,2024-08-16,2025-03-01,198,7,2024-12-12,118
COSMETICOS - Myke Towers,2024-11-25,2024-11-29,2,33,2024-11-25,0
CRUSH - Sky Rompiendo & Dei V,2025-04-07,2025-08-23,137,15,2025-04-27,20
CYBERTRUCK - Bad Bunny,2024-10-14,2024-10-21,8,8,2024-10-14,0
Cafe Malibú - Sech & Mora & Saiko,2024-07-23,2024-09-19,59,9,2024-07-25,2
Cangrinaje - Cruz Cafuné,2024-05-28,2024-05-28,1,48,2024-05-28,0
Capri Sun - B10 & Kilvertz,2025-07-31,2025-08-14,14,34,2025-08-05,5
Casanova - Soolking & Lola Indigo & Rvfv,2024-12-10,2025-05-29,168,1,2025-01-01,22
Caserio - Yandel & SAIKO,2025-03-10,2025-03-10,1,41,2025-03-10,0
Celine (with Kidd Keo) - Ghost Killer Track & Kidd Keo,2025-10-03,2025-11-27,55,9,2025-10-18,15
Cha Cha Cha - Käärijä,2024-05-18,2024-05-20,3,37,2024-05-18,0
Chulo pt.2 - Bad Gyal & Tokischa & Young Miko,2024-06-24,2024-10-13,87,22,2024-06-28,4
Cine 🚬 - Duki,2025-11-03,2025-11-03,1,42,2025-11-03,0
Classy 101 - Feid & Young Miko,2024-05-18,2024-11-30,182,7,2024-05-18,0
Clavaito - Chanel & Abraham Mateo,2024-05-18,2025-01-04,153,6,2024-06-02,15
Coco Chanel - Eladio Carrion,2024-05-18,2024-09-29,127,16,2024-05-24,6
Cohete - Shakira,2025-03-24,2025-03-30,6,21,2025-03-24,0
Columbia - Quevedo,2024-07-08,2025-11-02,463,1,2024-07-09,1
Committed - Rauw Alejandro,2025-11-17,2025-11-17,1,29,2025-11-17,0
Como Camarón - Estopa,2024-11-29,2025-02-21,35,32,2025-01-03,35
Conexión - Cano,2025-10-27,2025-11-14,14,27,2025-10-27,0
Conexión - Cano & JC Reyes,2025-10-25,2025-10-26,2,40,2025-10-26,1
Constelación - Duki,2025-11-03,2025-11-10,8,26,2025-11-03,0
Constelación - Duki & Lia Kali,2025-11-01,2025-11-02,2,29,2025-11-01,0
Copa Vacía - Shakira & Manuel Turizo,2024-07-02,2024-07-28,27,16,2024-07-02,0
Corazón Roto - Remix - Brray & Jhayco & Ryan Castro,2024-08-10,2024-09-13,33,26,2024-09-09,30
Corazón Roto pt. 3 - Brray & Anuel AA & Chencho Corleone,2024-09-13,2025-02-04,104,21,2024-09-27,14
Cosa Nuestra - Rauw Alejandro,2025-11-17,2025-11-18,2,16,2025-11-17,0
Cosas Pendientes - Maluma,2025-11-24,2025-11-27,2,37,2025-11-27,3
Cruel Summer - Taylor Swift,2025-06-01,2025-06-01,1,39,2025-06-01,0
Cuando Te Vi | CROSSOVER #5 - Big One & Maria Becerra & Trueno,2025-07-05,2025-10-28,114,11,2025-08-14,40
Cupido - Engel Montaz & Kuv507 & Latinnites Music,2025-04-18,2025-06-05,15,22,2025-04-23,5
Cupido - TINI,2024-05-18,2024-09-12,105,17,2024-05-19,1
CÓRCEGA - Mora,2024-08-30,2024-09-02,4,17,2024-08-30,0
Cómo Te Atreves - Morat,2025-03-02,2025-03-02,1,45,2025-03-02,0
Cúrame - Rauw Alejandro,2025-08-01,2025-08-16,15,41,2025-08-10,9
DE PLASTILINA - Lola Indigo & Pepe y Vizio,2024-10-21,2024-10-22,2,40,2024-10-21,0
DEGENERE 👑 (feat. benny blanco) - Myke Towers,2025-10-20,2025-11-27,39,1,2025-10-25,5
DEMO #5: nostalgIA - Spanglish Version - FlowGPT,2024-11-08,2024-11-09,2,12,2024-11-09,1
DEPORTIVO - Blessd & Anuel AA,2025-11-16,2025-11-23,4,35,2025-11-23,7
DESATAAA - Ovy On The Drums & Myke Towers & SAIKO,2025-03-17,2025-05-24,66,6,2025-03-21,4
DESATAAA - Ovy On The Drums & Myke Towers & Saiko,2025-04-26,2025-07-09,47,28,2025-05-28,32
DESPECHÁ - ROSALÍA,2024-05-22,2025-01-02,51,39,2024-06-12,21
DESQUITE - Feid,2024-12-02,2024-12-02,1,39,2024-12-02,0
DIABLA - Los Diozes,2025-10-27,2025-11-20,25,17,2025-11-03,7
DIABLITA (feat. YOVNGCHIMI) - Myke Towers,2025-08-24,2025-09-04,9,34,2025-08-24,0
DIAMONDS - Mora,2024-08-30,2024-09-02,4,18,2024-08-30,0
DILUVIO - Rauw Alejandro,2024-10-21,2025-10-14,188,3,2024-11-16,26
DINERO y FAMA (feat. Omar Montes) - Myke Towers,2025-08-24,2025-08-24,1,40,2025-08-24,0
DONDE SE APRENDE A QUERER? - Mora,2024-08-30,2025-02-17,152,3,2024-08-30,0
DUBAI - Trueno & Beny Jr,2024-06-15,2024-06-22,8,47,2024-06-17,2
DURO - Quevedo,2025-11-02,2025-11-27,26,1,2025-11-02,0
Dararí - Aitana,2024-09-24,2024-09-29,6,13,2024-09-24,0
Después De La 1 - Cris Mj & FloyyMenor,2025-09-19,2025-11-23,63,11,2025-09-27,8
Detrás del DJ - Rels B,2025-04-28,2025-04-28,1,39,2025-04-28,0
Diabólica - Cris Mj,2025-03-13,2025-08-19,156,14,2025-03-23,10
Dicelo - Lianet Rivero & Lia & Gatillo,2024-10-20,2024-10-23,4,24,2024-10-21,1
Die With A Smile - Lady Gaga & Bruno Mars,2025-08-31,2025-11-23,48,29,2025-11-15,76
Dios #1 - Cruz Cafuné,2024-05-28,2024-05-28,1,43,2024-05-28,0
Doblexxó - J Balvin,2025-08-10,2025-08-23,12,33,2025-08-10,0
Duro De Verdad pt.2 - Los Sufridos,2025-09-20,2025-09-20,1,39,2025-09-20,0
Duro De Verdad pt.2 - Los Sufridos & Bad Gyal,2025-09-21,2025-11-27,68,1,2025-09-27,6
Déjame Entrar - Rauw Alejandro,2025-07-25,2025-11-23,9,17,2025-11-17,115
EL CHACAL - Mora,2024-08-30,2024-09-02,4,10,2024-08-30,0
EL CONDENAO - Lola Indigo,2024-12-17,2025-01-04,12,35,2024-12-22,5
EL ESTRIBILLO - Quevedo,2025-11-24,2025-11-27,4,16,2025-11-24,0
EL PANTALON - RUMBAS - Omar Montes,2025-06-02,2025-09-12,101,2,2025-06-16,14
EL TONTO - Lola Indigo,2024-05-18,2025-01-10,205,2,2024-05-18,0
EMPELOTICA - Lenny Tavárez & Feid,2025-02-25,2025-04-06,36,16,2025-03-03,6
EMRATA - Myke Towers,2024-11-25,2024-11-25,1,46,2024-11-25,0
EROTICAAAAAAA - Gonzy,2025-10-13,2025-10-31,15,38,2025-10-25,12
ESKELETO - SAIKO,2025-04-28,2025-10-23,113,11,2025-05-02,4
El Cielo - Sky Rompiendo & Feid & Myke Towers,2024-06-04,2025-03-09,271,2,2024-06-10,6
El Conjuntito - El Bobe & Omar Montes,2025-03-24,2025-09-23,180,1,2025-04-09,16
El Destello - Juanjo Bona & Martin Urrutia,2025-10-06,2025-10-06,1,36,2025-10-06,0
El Fin del Mundo - La La Love You,2025-06-03,2025-11-23,98,37,2025-08-25,83
El Jefe - Shakira & Fuerza Regida,2024-09-24,2024-10-03,10,31,2024-09-27,3
El Malo - Eladio Carrion,2025-01-21,2025-02-17,27,20,2025-01-25,4
El Mambo - Kiko Rivera,2024-10-04,2025-03-01,145,2,2024-10-13,9
El Merengue - Marshmello,2024-11-04,2025-11-18,317,19,2024-11-05,1
El Merengue - Marshmello & Manuel Turizo,2024-05-18,2024-11-03,170,5,2024-05-18,0
El Patio - Pepe y Vizio & Delaossa & KIDDO,2025-02-22,2025-08-27,152,8,2025-03-07,13
Ella Baila Sola - Eslabon Armado,2024-05-18,2024-08-09,84,9,2024-06-03,16
En To Lao - Haze & Jhayco,2024-06-15,2024-07-01,11,45,2024-07-01,16
Enamórate - Nicki Nicole & Bad Gyal,2024-11-16,2024-12-01,15,31,2024-11-18,2
Es un Secreto - Plan B,2025-06-22,2025-07-04,13,37,2025-06-30,8
Escriurem - Chiara Oliver & Martin Urrutia,2025-01-25,2025-01-25,1,47,2025-01-25,0
Espectacular - Sky Rompiendo & Rauw Alejandro,2025-04-25,2025-04-27,2,49,2025-04-25,0
Espresso - Sabrina Carpenter,2025-06-09,2025-07-03,24,39,2025-06-28,19
Espresso Martini - Rauw Alejandro,2025-11-17,2025-11-21,5,21,2025-11-17,0
Europapa - Joost,2025-05-14,2025-05-18,5,33,2025-05-15,1
Eva Longoria - Ozuna,2024-08-12,2024-11-24,90,8,2024-08-29,17
Extasisssssss - Saiko,2024-12-20,2025-01-31,43,18,2024-12-22,2
FANTASÍAS - Mora,2024-08-30,2024-09-04,6,9,2024-08-30,0
FARDOS - JC Reyes & De La Ghetto,2025-02-18,2025-07-30,160,1,2025-02-22,4
FERXXO 151 - Feid,2024-09-30,2024-11-06,20,17,2024-09-30,0
FERXXO 151 - Feid & ICON,2024-08-26,2024-09-29,35,9,2024-08-26,0
FERXXO 30 - Feid,2024-10-07,2024-10-13,2,32,2024-10-07,0
FERXXO EDITION - Feid,2024-09-30,2024-10-01,2,43,2024-09-30,0
FINA - Bad Bunny,2024-10-14,2024-11-18,36,4,2024-10-14,0
FINALES DE AGOSTO - SAIKO,2025-04-28,2025-04-29,2,40,2025-04-28,0
"FLOWHOT (feat. Arcángel, De La Ghetto, Randy) - The Academy: Segunda Misión & Sech & Dalex",2025-03-31,2025-03-31,1,32,2025-03-31,0
FRIKI - Gonzy,2025-05-10,2025-11-26,198,8,2025-06-26,47
FRÍO - Myke Towers,2025-08-24,2025-08-24,1,36,2025-08-24,0
Falsos Recuerdos - Abraham Mateo & Omar Montes,2025-02-01,2025-02-25,24,32,2025-02-08,7
Fecha - Feid & Yandel,2025-04-14,2025-04-18,5,39,2025-04-17,3
Fecha - Intro Extended - Renzo Pianciola,2025-04-19,2025-04-20,2,46,2025-04-20,1
Feliz Navidad - José Feliciano,2024-12-25,2024-12-27,3,5,2024-12-25,0
Feliz Navidad - Saiko,2024-12-19,2024-12-20,2,36,2024-12-19,0
Figo - DELLAFUENTE & Morad,2024-12-02,2024-12-02,1,44,2024-12-02,0
Flow Violento - Remix - YoSoyPlex & Ruven,2024-05-30,2024-06-20,8,46,2024-06-06,7
Flowers - Miley Cyrus,2024-05-18,2024-06-06,18,44,2024-05-19,1
Fortnight (feat. Post Malone) - Taylor Swift,2025-04-21,2025-04-30,9,24,2025-04-24,3
Fosforito - DELLAFUENTE,2025-06-16,2025-06-16,1,46,2025-06-16,0
Fruto - Bizarrap & Milo j,2024-10-07,2024-11-11,36,12,2024-10-12,5
"Fé, Cojones y Paciencia - Eladio Carrion",2025-01-21,2025-01-21,1,38,2025-01-21,0
G-WA - ZHEUS,2025-11-21,2025-11-27,5,39,2025-11-23,2
GANGSTER (PQFNEDG) - Ovy On The Drums & Quevedo & Yandel,2024-10-21,2024-11-01,12,15,2024-10-21,0
GANGSTERS Y PISTOLAS - Feid,2024-09-30,2024-10-01,2,25,2024-09-30,0
GATITA GANGSTER - KAROL G,2024-09-13,2024-11-24,63,30,2024-10-12,29
GATITAS SANDUNGUERAS VOL.1 - Alvaro Diaz,2025-05-19,2025-07-03,46,12,2025-06-12,24
GRACIAS POR NADA - Bad Bunny,2024-10-14,2024-10-20,7,11,2024-10-14,0
GRAN VÍA - Quevedo,2025-11-24,2025-11-27,4,1,2025-11-24,0
Gata Only (Mashup) - Dj Agus Lima,2025-05-09,2025-05-10,2,5,2025-05-09,0
Gata Only - FloyyMenor,2025-08-10,2025-10-14,55,15,2025-08-10,0
Gata Only - FloyyMenor & Cris Mj,2025-02-24,2025-08-09,162,2,2025-04-06,41
Gitana (feat. Bryartz) - Pablo Chill-E,2025-05-03,2025-06-17,45,15,2025-05-17,14
Goteras - Omar Montes & JC Reyes,2025-06-30,2025-11-23,145,1,2025-07-08,8
Gran Día - Mau y Ricky & Guaynaa,2025-05-16,2025-06-01,13,17,2025-05-31,15
Guay - Ozuna & Bad Gyal,2025-04-21,2025-07-20,90,7,2025-04-27,6
HABLAME CLARO - Yandel,2025-10-13,2025-10-13,1,47,2025-10-13,0
HABLAME CLARO - Yandel & Feid,2025-10-02,2025-10-12,11,12,2025-10-02,0
HALO - Quevedo,2025-11-24,2025-11-27,4,7,2025-11-24,0
HAY LUPITA - Lomiiel,2025-07-12,2025-10-29,103,2,2025-08-04,23
HEY BB - SAIKO,2025-04-28,2025-05-02,5,26,2025-04-28,0
HIBIKI - Bad Bunny,2024-10-14,2024-12-01,49,2,2024-10-14,0
Hablame Claro - Yandel & Feid,2025-09-16,2025-10-01,16,5,2025-09-25,9
Hala Madrid ...y nada más - Real Madrid,2025-06-03,2025-06-03,1,43,2025-06-03,0
Hardaway - Duki,2025-11-03,2025-11-03,1,35,2025-11-03,0
Hasta Olvidarte - Mau y Ricky,2025-06-03,2025-06-08,6,23,2025-06-04,1
Hay Lupita - Megan Koffe,2025-06-28,2025-07-10,13,30,2025-07-08,10
Headshot - Anuel AA,2025-09-22,2025-09-22,1,29,2025-09-22,0
Heavy Is the Crown - Linkin Park,2025-09-27,2025-09-27,1,49,2025-09-27,0
Heavyweight - Eladio Carrion,2025-05-04,2025-05-04,1,49,2025-05-04,0
Hermosa Casualidad - Sen Senra & Aitana,2025-06-02,2025-06-09,6,39,2025-06-06,4
Hey Lil Mama - Eladio Carrion,2025-01-21,2025-04-13,78,8,2025-01-25,4
Hey Mor - Ozuna,2024-05-18,2024-09-12,97,30,2024-05-18,0
Historias Por Contar - Operación Triunfo 2023,2025-02-22,2025-02-24,3,28,2025-02-22,0
Holanda - Jhayco,2024-08-04,2025-03-12,219,3,2024-08-16,12
Holly Jolly Christmas - Michael Bublé,2024-12-25,2024-12-27,3,24,2024-12-25,0
Houdini - Dua Lipa,2024-11-11,2024-11-17,7,23,2024-11-11,0
Hoy - Valentino Merlo & The La Planta,2025-09-29,2025-10-04,6,13,2025-10-02,3
I Can Do It With a Broken Heart - Taylor Swift,2025-04-23,2025-04-23,1,50,2025-04-23,0
IA - Clarent,2025-10-20,2025-11-12,24,1,2025-11-09,20
IA - Clarent & Mora,2025-11-13,2025-11-27,15,1,2025-11-13,0
IGUALES - Quevedo,2025-11-24,2025-11-27,4,3,2025-11-24,0
IL Capo - Rauw Alejandro,2025-11-17,2025-11-17,1,38,2025-11-17,0
Imagínate - Danny Ocean & Kapo,2025-11-15,2025-11-27,13,15,2025-11-23,8
Imperio - Duki,2025-11-03,2025-11-23,19,15,2025-11-09,6
It's Beginning to Look a Lot like Christmas - Michael Bublé,2024-12-25,2024-12-27,3,16,2024-12-25,0
It's the Most Wonderful Time of the Year - Andy Williams,2024-12-25,2024-12-27,3,12,2024-12-25,0
"Japoni (Feat. Camin, Moncho Chavea, Jthyago & Samueliyo Baby) - Oscar el Ruso & Samuel G & Omar Montes",2025-05-05,2025-06-17,11,45,2025-06-03,29
"Japoni (feat. Camin, Moncho Chavea, Jthyago & Samueliyo Baby) - Oscar el Ruso & Samuel G & Omar Montes",2025-01-18,2025-04-01,61,26,2025-02-25,38
Jingle Bell Rock - Bobby Helms,2024-12-25,2024-12-27,3,10,2024-12-25,0
K-POP - Travis Scott & Bad Bunny & The Weeknd,2024-07-23,2024-08-05,14,21,2024-07-23,0
KASSANDRA - Quevedo,2025-11-24,2025-11-27,4,2,2025-11-24,0
KTM - Jhayco & Bryant Myers & Luar La L,2025-03-24,2025-03-28,4,16,2025-03-24,0
Khé? - Rauw Alejandro,2025-11-17,2025-11-27,11,8,2025-11-23,6
LA 125 - Quevedo,2025-11-24,2025-11-27,4,10,2025-11-24,0
LA BABY - Tainy,2024-07-02,2024-07-12,11,25,2024-07-02,0
LA CAPI - Myke Towers,2024-12-14,2025-09-25,233,13,2025-01-22,39
LA FALDA - Myke Towers,2024-11-25,2025-11-23,359,1,2025-02-18,85
LA INOCENTE - Mora,2024-05-30,2024-08-11,31,45,2024-06-21,22
LA MARINA STA MORENA - Figa Flawas,2025-08-07,2025-10-15,69,19,2025-09-04,28
LA NENA - Lyanno & Rauw Alejandro,2025-04-21,2025-05-25,27,25,2025-04-27,6
LA RANGER (feat. Myke Towers) - The Academy: Segunda Misión & Justin Quiles & Lenny Tavárez,2025-03-31,2025-07-16,107,3,2025-04-11,11
LA REINA - Lola Indigo,2025-06-16,2025-11-26,162,4,2025-06-20,4
LA RIJANA - SAIKO,2025-04-28,2025-04-29,2,41,2025-04-28,0
LA SEVILLANA - Omar Montes,2025-04-14,2025-05-04,21,3,2025-04-20,6
LA SEVILLANA - SEVILLANAS - Omar Montes,2025-05-05,2025-07-03,60,8,2025-05-05,0
LA VUELTA - Feid,2024-12-02,2024-12-02,1,48,2024-12-02,0
LA ÚLTIMA - Quevedo,2025-02-03,2025-03-23,48,1,2025-02-03,0
LAGUNA - Mora,2024-08-30,2024-09-02,4,11,2024-08-30,0
LALA - Myke Towers,2024-06-29,2025-09-24,310,1,2024-07-05,6
LAS BABYS - Aitana,2024-06-09,2024-08-29,82,4,2024-06-11,2
LATTE (feat. Maria Becerra) - The Academy: Segunda Misión & Sech & Dalex,2025-03-31,2025-03-31,1,43,2025-03-31,0
LOKITA - Mora,2024-08-30,2024-09-02,4,13,2024-08-30,0
LOS DÍAS CONTADOS - Quevedo,2025-11-24,2025-11-27,4,4,2025-11-24,0
LOS PITS - Bad Bunny,2024-10-14,2024-10-20,7,20,2024-10-14,0
LUCES DE TECNO - Feid,2024-09-30,2025-02-03,124,7,2024-09-30,0
LUNA - Feid,2024-12-02,2025-11-27,357,2,2025-01-11,40
LUNA - SAIKO,2025-04-28,2025-05-09,12,9,2025-04-28,0
LUNCH - Billie Eilish,2025-05-19,2025-05-30,12,20,2025-05-25,6
La Baby - Brytiago,2024-11-03,2024-12-02,16,3,2024-11-30,27
La Bachata - Manuel Turizo,2024-05-18,2025-11-19,538,11,2025-01-01,228
La Bebe - Remix - Yng Lvcas & Peso Pluma,2024-05-18,2024-08-29,104,10,2024-06-01,14
La Canción Feliz Del Disco - Eladio Carrion,2025-01-21,2025-01-24,4,13,2025-01-21,0
La Fiesta - Pedro Capó,2024-05-18,2024-06-27,17,30,2024-05-20,2
La Gata Bajo La Lluvia - Naiara,2025-01-25,2025-01-25,1,46,2025-01-25,0
La Jumpa - Arcángel,2024-05-18,2024-06-23,37,36,2024-05-29,11
La Rizos [Dime Si Le Comento a la Pura] - Las 2K & Chardo Chardemio & Melody Records International,2025-08-25,2025-11-06,69,22,2025-09-15,21
La Torre Picasso - Arde Bogotá,2025-09-15,2025-09-15,1,46,2025-09-15,0
La Vida Sin Ti - Rels B,2025-04-28,2025-06-29,63,8,2025-05-02,4
La Vida Sin Ti - Rels B & Lia Kali,2025-04-25,2025-04-27,3,15,2025-04-25,0
La roja baila - Himno oficial de la selección española - Sergio Ramos & Niña Pastori & RedOne,2025-07-15,2025-07-16,2,9,2025-07-15,0
La_Original.mp3 - Emilia,2024-11-04,2025-06-03,202,10,2025-03-08,124
Las Bratz (Remix) - Aissa & JC Reyes & Saiko,2024-05-18,2024-05-27,10,44,2024-05-20,2
Last Christmas - Single Version - Wham!,2024-12-23,2024-12-27,5,4,2024-12-25,2
Let It Snow! Let It Snow! Let It Snow! (with The B. Swanson Quartet) - Frank Sinatra,2024-12-25,2024-12-25,1,33,2024-12-25,0
Let It Snow! Let It Snow! Let It Snow! - Dean Martin,2024-12-25,2024-12-27,3,15,2024-12-25,0
Like I Can (feat. Aitana) - Sam Smith & Aitana,2025-08-10,2025-08-10,1,42,2025-08-10,0
Lo Que Tiene - Morad & Beny Jr & Rvfv,2025-03-10,2025-11-23,254,5,2025-03-13,3
Lo que no ves de mí - Juanjo Bona,2025-04-18,2025-04-18,1,38,2025-04-18,0
Lollipop - Darell,2024-10-02,2025-01-17,105,1,2024-10-21,19
Los del Espacio - LIT killah,2024-06-04,2025-02-16,257,2,2024-06-09,5
Los Ángeles - Aitana,2024-05-18,2024-08-05,80,20,2024-05-18,0
Luchas Mentales - Eladio Carrion,2025-01-21,2025-01-21,1,43,2025-01-21,0
Luna llena - Beny Jr,2025-07-31,2025-11-27,119,4,2025-10-14,75
M.A.I - Milo j,2025-01-17,2025-04-30,100,4,2025-01-31,14
MALA SUERTE - Lola Indigo & DELLAFUENTE,2024-09-03,2024-09-09,7,32,2024-09-06,3
MAREA - Mora,2024-08-30,2024-08-31,2,24,2024-08-30,0
MEDIA LUNA - Mora,2024-08-30,2024-09-21,14,5,2024-08-30,0
MEJOR ASÍ - Myke Towers,2025-08-24,2025-08-24,1,37,2025-08-24,0
MEMORIAS - Mora,2024-05-18,2024-05-27,10,39,2024-05-23,5
MERCEDES CAROTA - Bad Bunny,2024-10-14,2024-10-21,8,17,2024-10-14,0
MERCHO - LiL CaKe & Migrantes,2024-05-18,2024-08-29,104,21,2024-05-29,11
MI DROGA - Myke Towers,2024-05-18,2024-05-20,3,46,2024-05-18,0
MI EX TENÍA RAZÓN - KAROL G,2024-08-13,2025-07-31,22,16,2024-08-13,0
MIENTRAS ME CURO DEL CORA - KAROL G,2025-07-24,2025-08-02,10,37,2025-07-28,4
MODELITO - Mora,2024-09-09,2025-06-17,279,4,2024-11-12,64
MOJABI GHOST - Tainy,2024-07-02,2024-08-03,33,6,2024-07-02,0
MONACO - Bad Bunny,2024-10-14,2025-01-12,78,1,2024-10-14,0
MR. MOONDIAL - Quevedo,2025-11-24,2025-11-27,4,5,2025-11-25,1
MR. OCTOBER - Bad Bunny,2024-10-14,2024-10-21,8,7,2024-10-14,0
Ma Meilleure Ennemie (from the series Arcane League of Legends) - Stromae & Pomme & Arcane,2025-11-27,2025-11-27,1,38,2025-11-27,0
Madrid City - Ana Mena,2024-09-30,2025-04-15,181,13,2025-01-03,95
Mal de amores - Natos y Waor & Israel B,2025-02-11,2025-02-17,4,29,2025-02-15,4
Malicia - DELLAFUENTE,2025-06-16,2025-06-21,6,29,2025-06-16,0
Mama's Boy - Eladio Carrion,2025-01-21,2025-01-21,1,34,2025-01-21,0
Mamasota - Manuel Turizo & Yandel,2025-03-15,2025-03-15,1,50,2025-03-15,0
Mami Chula - Jhayco & Quevedo,2024-05-18,2024-09-18,118,6,2024-05-18,0
Mamichula - con Nicki Nicole - Trueno,2025-02-18,2025-04-05,44,7,2025-03-04,14
Manos Rotas - DELLAFUENTE & Morad,2024-11-18,2025-11-23,329,1,2024-11-29,11
Maquillaje - Remix - Renn & Myke Towers & Nio Garcia,2025-07-10,2025-07-14,4,25,2025-07-14,4
Maquillaje - Remix - refracted arg,2025-04-21,2025-04-24,4,32,2025-04-21,0
Maquillaje - Renn & Yexel,2025-03-21,2025-06-02,65,18,2025-04-08,18
Martini - Dei V,2025-05-02,2025-11-23,150,7,2025-06-17,46
Me has invitado a bailar - Dani Fernández,2025-09-04,2025-11-27,85,15,2025-10-31,57
Mencionar - Eladio Carrion,2025-01-21,2025-01-21,1,42,2025-01-21,0
Mi Cuarto - Tiago PZK & Rels B,2025-10-27,2025-10-27,1,46,2025-10-27,0
Mi Lova - Bad Gyal & Myke Towers,2024-07-09,2024-08-18,41,14,2024-07-09,0
Mi Luz (ft. Rels B) - Rvfv,2024-10-23,2025-10-18,172,32,2025-10-11,353
Mi Nena Remix - Maikel Delacalle & Quevedo,2024-05-18,2024-06-10,24,26,2024-05-19,1
Mil Mujeres - Rauw Alejandro,2025-11-17,2025-11-17,1,36,2025-11-17,0
"Milo J: Bzrp Music Sessions, Vol. 57 - Bizarrap & Milo j",2024-10-07,2025-02-10,59,1,2024-10-07,0
"Milo J: Bzrp Music Sessions, Vol. 57 - Paul Thin",2025-02-01,2025-02-02,2,39,2025-02-01,0
Mirame - Blessd & Ovy On The Drums,2025-07-15,2025-07-30,16,13,2025-07-19,4
Mis Tías - Juanjo Bona,2025-07-21,2025-07-23,2,44,2025-07-21,0
My Love - De La Ghetto & Quevedo,2024-06-04,2024-07-01,27,36,2024-06-15,11
NADIE SABE - Bad Bunny,2024-10-14,2024-10-28,15,3,2024-10-14,0
NANA DEL HILO ROJO - SAIKO,2025-04-28,2025-05-02,5,16,2025-04-28,0
NO ME QUIERO CASAR - Bad Bunny,2024-10-14,2024-10-19,6,22,2024-10-14,0
NO PIENSO LLAMAR - Soge Culebra,2024-10-14,2025-03-02,140,7,2024-12-23,70
NO PIENSO LLAMAR - Soge Culebra & Quevedo & GARABATTO,2024-10-07,2024-10-13,7,16,2024-10-07,0
NOEMÚ - Quevedo,2025-11-24,2025-11-27,4,15,2025-11-24,0
Narcotics (with Bryant Myers) - Dei V & Bryant Myers,2024-10-04,2025-06-11,188,15,2024-12-28,85
"Natanael Cano: Bzrp Music Sessions, Vol. 59 - Bizarrap & Natanael Cano",2025-04-06,2025-04-13,8,32,2025-04-07,1
New Woman (feat. ROSALÍA) - LISA & ROSALÍA,2025-08-17,2025-08-30,14,15,2025-08-17,0
Ni Me Conozco - Rauw Alejandro,2025-11-17,2025-11-22,6,26,2025-11-17,0
Niña Bonita - Feid & Sean Paul,2024-05-18,2024-08-08,83,13,2024-05-19,1
No Digas Na - Feid & Yandel,2025-04-17,2025-04-20,4,48,2025-04-18,1
No Estuviste En Lo Malo - Morad,2024-05-18,2024-06-23,11,46,2024-05-31,13
No Estuviste En Lo Malo - REMIX - Morad & Beny Jr & DELLAFUENTE,2024-10-07,2025-01-31,112,12,2024-10-07,0
No Has Cambiado - Baby Rasta & Noriel & Hades66,2025-10-13,2025-11-27,24,11,2025-10-15,2
No Te Quieren Conmigo - Gaby Music & Lunay & Luar La L,2024-12-20,2025-04-10,110,4,2025-01-10,21
No Te Quieren Conmigo - Remix - Gaby Music & Anuel AA & Luar La L,2025-04-07,2025-04-27,21,17,2025-04-07,0
No soy Eterno - Bizarrap & Milo j,2024-10-07,2024-10-13,7,27,2024-10-10,3
No_Se_Ve.mp3 - Emilia,2024-11-04,2025-02-09,75,32,2024-11-05,1
No_se_ve.mp3 - Emilia & LUDMILLA & ZECCA,2024-06-08,2024-11-03,134,13,2024-08-25,78
Nochentera - Vicco,2024-05-18,2025-01-09,156,9,2024-05-27,9
Nueva Era - Duki,2025-11-03,2025-11-27,25,3,2025-11-08,5
NÚMERO TELEFÓNICO - SAIKO,2025-04-28,2025-05-09,12,14,2025-04-28,0
OA - Anuel AA & Quevedo & Maluma,2024-10-16,2025-04-27,192,3,2024-11-11,26
OBVIO - Myke Towers,2024-11-25,2024-11-25,1,25,2024-11-25,0
OTRA NOCHE (feat. Darell) - Myke Towers,2025-08-24,2025-11-16,85,11,2025-09-07,14
OTRA NOCHE - Myke Towers & Darell,2025-08-20,2025-08-23,4,36,2025-08-23,3
OTRA OPORTUNIDAD - Myke Towers,2025-08-24,2025-08-24,1,25,2025-08-24,0
OTRO ROUND - Myke Towers,2024-11-25,2024-11-25,1,50,2024-11-25,0
Ohnana - Kapo,2025-07-04,2025-11-27,145,2,2025-08-01,28
Omega (feat. Ralphie Choo) - ROSALÍA,2025-09-27,2025-10-10,14,3,2025-09-27,0
Orgullosa De Papá - Cano,2025-11-01,2025-11-23,6,45,2025-11-16,15
Oye BB - Omar Montes & Nicky Jam,2024-11-11,2024-11-11,1,43,2024-11-11,0
PA' LA VUELTA - Eladio Carrion & Morad,2024-08-06,2024-08-06,1,49,2024-08-06,0
PASAJERO - Mora,2024-08-30,2024-10-13,45,4,2024-08-30,0
PASIEMPRE - Tainy,2024-07-02,2024-07-20,19,21,2024-07-05,3
PELIGROSA - FloyyMenor,2025-07-31,2025-11-27,119,3,2025-09-08,39
PERREO LENTO - Chris Jedi & Gaby Music & Dei V,2025-03-01,2025-03-29,27,28,2025-03-07,6
PERRO NEGRO - Bad Bunny,2024-10-14,2025-05-31,195,2,2024-10-17,3
PERROS&GATA$ - Nicki Nicole & SAIKO,2025-07-04,2025-07-07,4,45,2025-07-04,0
PIDE - Mora,2024-08-30,2024-09-02,4,15,2024-08-30,0
PIRIBIRI - JC Reyes & Pedro Calderon,2024-08-09,2024-09-29,41,37,2024-09-17,39
PLAYA DEL INGLÉS - Quevedo,2024-05-18,2024-12-12,159,15,2024-05-18,0
POLARIS - Remix - SAIKO,2025-04-28,2025-05-09,12,31,2025-04-29,1
POLARIS - Remix - SAIKO & Feid & Quevedo,2025-03-02,2025-04-20,48,31,2025-04-01,30
POLARIS - Remix - Saiko & Feid & Quevedo,2024-06-11,2025-03-01,264,1,2024-06-11,0
POR ATRÁS - Quevedo,2025-11-24,2025-11-27,4,11,2025-11-24,0
PRIVILEGIOS - Feid,2024-09-30,2024-10-01,2,46,2024-09-30,0
PROVENZA - KAROL G,2025-07-25,2025-07-30,6,45,2025-07-26,1
PUNTO G - Quevedo,2024-05-18,2025-01-13,162,23,2024-05-30,12
Pacto (feat. Bryant Myers & Dei V) - Remix - Jay Wheeler & Anuel AA & Hades66,2024-07-29,2024-10-06,66,20,2024-08-19,21
Pacto (feat. Luar La L) - Jay Wheeler,2024-06-01,2024-07-01,31,38,2024-06-22,21
Pasaporte - Rauw Alejandro,2025-11-17,2025-11-17,1,43,2025-11-17,0
Pasaporte - Rauw Alejandro & Mr. Naisgai,2025-09-29,2025-09-29,1,49,2025-09-29,0
Passoa - JHAYCO,2025-09-08,2025-09-27,20,27,2025-09-08,0
Passoa - JHAYCO & Kapo,2025-08-17,2025-09-07,20,19,2025-08-26,9
Paz - Morad,2024-05-18,2024-05-20,3,44,2024-05-18,0
Pedro - Jaxomy & Agatino Romero & Raffaella Carrà,2025-04-14,2025-05-21,35,14,2025-04-21,7
Penas de Antaño - Bizarrap & Milo j,2024-10-09,2024-10-12,4,44,2024-10-10,1
Perdió Este Culo - Bad Gyal,2025-01-28,2025-02-24,28,18,2025-01-31,3
"Peso Pluma: Bzrp Music Sessions, Vol. 55 - Bizarrap & Peso Pluma",2024-06-03,2024-07-01,29,2,2024-06-03,0
Please Please Please - Sabrina Carpenter,2025-06-12,2025-06-20,9,33,2025-06-18,6
Polaris - Saiko,2024-05-18,2024-06-11,25,22,2024-06-10,23
Potra Salvaje - Hard Remix - Isabel Aaiún & Fernando Moreno,2025-05-29,2025-09-24,114,3,2025-06-18,20
Potra Salvaje - Isabel Aaiún,2025-07-07,2025-08-28,50,14,2025-07-18,11
Probemas Mentales - JZAEB & Eix,2025-03-07,2025-03-07,1,48,2025-03-07,0
Problemas Mentales - JZAEB & Eix,2025-03-20,2025-03-22,2,22,2025-03-22,2
"Ptazeta: Bzrp Music Sessions, Vol. 45 - Paul Thin & RUSLANA",2025-01-18,2025-01-19,2,42,2025-01-18,0
PÓLVORA - Mora,2024-08-30,2024-09-09,11,8,2024-08-30,0
Q U E V A S H A C E R H O Y ? - Omar Courtz,2025-09-25,2025-11-27,64,1,2025-10-02,7
QLONA - KAROL G,2024-08-19,2025-10-19,342,8,2024-09-14,26
QUE ASCO DE TODO - Quevedo,2025-11-24,2025-11-27,4,19,2025-11-24,0
QUEVEDO #49 AFTER HOUR THE MIXTAPE - DJ Saot ST,2024-06-04,2024-06-04,1,48,2024-06-04,0
QUIZÁS SI QUIZÁS NO - Alvaro Diaz & Quevedo,2024-11-25,2024-12-23,29,13,2024-11-25,0
Que Me Lleve el Aire - Luis Cortés,2025-10-10,2025-10-17,8,42,2025-10-13,3
Que te vaya bien - Rvfv,2024-05-18,2024-06-07,21,26,2024-05-18,0
"Quevedo: Bzrp Music Sessions, Vol. 52 - Bizarrap & Quevedo",2024-05-18,2025-01-03,133,27,2024-05-29,11
Quickie - Dei V,2025-11-19,2025-11-25,7,31,2025-11-23,4
Quien Es Dei V? - Dei V,2024-09-24,2025-04-09,196,10,2024-10-04,10
Quién es Dei V? - Dei V,2025-06-16,2025-06-16,1,50,2025-06-16,0
Qué Pasaría... - Rauw Alejandro,2025-11-17,2025-11-27,11,1,2025-11-17,0
Qué Pecao - Manuel Turizo,2025-11-24,2025-11-27,4,34,2025-11-24,0
Qué Pecao - Manuel Turizo & Kapo,2025-10-06,2025-11-23,49,13,2025-10-13,7
RAPAPA - JC Reyes,2025-10-20,2025-11-26,38,8,2025-11-01,12
REAL GANGSTA LOVE - Trueno,2025-06-06,2025-11-16,154,1,2025-06-12,6
REINA - Mora,2024-08-30,2025-04-17,229,1,2024-08-30,0
REMIX EXCLUSIVO - Feid,2024-05-18,2024-06-04,17,43,2024-05-20,2
RITMO DE MEDALLO - Feid,2024-09-30,2024-10-01,2,37,2024-09-30,0
RITUAL - Myke Towers,2024-11-25,2024-11-25,1,48,2024-11-25,0
RKO - Eladio Carrion,2025-01-21,2025-01-24,4,20,2025-01-21,0
RUEDA - Rvfv,2025-06-02,2025-08-14,70,21,2025-06-19,17
Rapeadita LOVE - Rels B,2025-04-28,2025-04-28,1,44,2025-04-28,0
Rapido (with Cris Mj) - Dei V,2025-06-16,2025-11-27,162,5,2025-08-22,67
Rara Vez - Taiu & Milo j,2024-05-18,2024-12-13,147,15,2024-05-20,2
"Rauw Alejandro: Bzrp Music Sessions, Vol. 56 - Bizarrap & Rauw Alejandro",2024-06-24,2024-10-13,111,1,2024-06-24,0
Razones - Ozuna & Anuel AA & Mambo Kingz,2025-06-30,2025-07-05,6,16,2025-06-30,0
Remember Me - Duki,2024-07-19,2024-07-22,4,43,2024-07-19,0
Revolú - Rauw Alejandro,2025-11-17,2025-11-23,7,10,2025-11-17,0
"Ride Or Die, Pt. 2 (with Villano Antillano & Tokischa) - Sevdaliza & Villano Antillano & Tokischa",2025-04-26,2025-05-12,5,26,2025-04-27,1
RoCKSTAR 2.0 - Duki,2024-06-25,2024-07-02,8,16,2024-06-25,0
RoCKSTAR 2.0 - Duki & Jhayco,2024-06-24,2024-06-24,1,14,2024-06-24,0
Rockin' Around The Christmas Tree - Brenda Lee,2024-12-24,2024-12-27,4,7,2024-12-25,1
Romero Santo - DELLAFUENTE,2025-06-16,2025-06-21,5,31,2025-06-16,0
Rosas - La Oreja de Van Gogh,2025-10-17,2025-10-26,10,30,2025-10-19,2
RÁPIDO - Mora,2024-05-18,2024-05-24,7,41,2024-05-18,0
S91 - KAROL G,2024-07-16,2024-09-04,49,21,2024-08-13,28
SE ME OLVIDA - Maisak & Feid,2025-08-24,2025-11-16,79,11,2025-09-01,8
SE TE NOTA (feat. Peso Pluma) - Myke Towers,2025-08-24,2025-08-25,2,27,2025-08-24,0
SEDA - Bad Bunny,2024-10-14,2025-02-13,119,6,2024-10-14,0
SEXO DESENFRENADO - Myke Towers,2025-08-24,2025-08-24,1,45,2025-08-24,0
SEYA - GIMS,2024-10-21,2025-02-27,109,21,2024-12-20,60
SHIBATTO - Quevedo,2025-11-24,2025-11-27,4,3,2025-11-26,2
SI NO ES CONTIGO - Cris Mj,2025-06-18,2025-09-20,92,31,2025-08-09,52
SI SABE FERXXO - Blessd,2025-01-28,2025-02-28,31,27,2025-02-01,4
"SI SI SI SI (feat. Eladio Carrion, Bryant Myers, Dei V) - The Academy: Segunda Misión",2025-03-31,2025-03-31,1,16,2025-03-31,0
"SI SI SI SI (feat. Eladio Carrion, Bryant Myers, Dei V) - The Academy: Segunda Misión & Justin Quiles & Lenny Tavárez",2025-04-01,2025-06-08,58,16,2025-04-12,11
SI TE PEGAS - Rauw Alejandro,2024-07-09,2024-07-12,4,30,2024-07-09,0
SORRY 4 THAT MUCH - Feid,2025-06-09,2025-07-17,38,9,2025-06-17,8
SPANISH TETEO - Rvfv & Rels B & Omar Montes,2024-09-10,2024-09-11,2,50,2024-09-10,0
STAR - JC Reyes,2025-10-20,2025-11-27,37,7,2025-11-15,26
SUPERNOVA - SAIKO,2025-04-28,2025-05-03,6,33,2025-04-28,0
Sangre y Fe - Cruz Cafuné,2024-05-28,2024-06-16,20,6,2024-05-28,0
Santa - Rvssian,2025-05-22,2025-11-27,188,2,2025-05-22,0
Santa - Rvssian & Rauw Alejandro & Ayra Starr,2025-04-16,2025-05-21,36,1,2025-04-21,5
Santa Tell Me - Ariana Grande,2024-12-25,2024-12-27,3,17,2024-12-25,0
Se Fue - Rauw Alejandro,2025-11-17,2025-11-27,11,5,2025-11-17,0
Se Grita - Morad,2024-07-21,2024-08-05,16,46,2024-07-25,4
Se Pone Las Nike - Cano,2025-11-06,2025-11-27,22,6,2025-11-14,8
SexeSexy - Mushkaa,2025-03-31,2025-04-13,6,40,2025-03-31,0
"Shakira: Bzrp Music Sessions, Vol. 53 - Bizarrap & Shakira",2024-05-18,2024-07-18,61,30,2024-05-23,5
Shars 2023 - Al Safir,2024-11-30,2024-12-01,2,21,2024-11-30,0
Si Antes Te Hubiera Conocido - KAROL G,2025-06-22,2025-11-27,157,1,2025-07-02,10
Si La Calle Llama - Remix - Eladio Carrion,2024-05-18,2024-08-29,104,20,2024-05-19,1
Si No Estás - iñigo quintero,2024-09-20,2025-04-03,187,1,2024-09-29,9
Sigo Enamorau' - Eladio Carrion,2025-01-21,2025-01-21,1,17,2025-01-21,0
Sin Gato (MIAU!) - Rels B,2024-05-28,2024-06-03,3,45,2024-05-28,0
Sleigh Ride - The Ronettes,2024-12-25,2024-12-27,3,28,2024-12-25,0
Snowman - Sia,2024-12-25,2024-12-27,3,27,2024-12-25,0
Sofi - Remix - Samueliyo Baby & KEVIN ROLDAN,2024-12-12,2024-12-14,3,22,2024-12-12,0
Solita y SueltAAA - Rels B,2024-07-23,2024-07-25,3,49,2024-07-25,2
Soltera - Shakira,2025-09-28,2025-11-27,61,5,2025-10-14,16
Sonrisa - Eladio Carrion,2025-01-21,2025-01-21,1,16,2025-01-21,0
Sport+ RMX - Clarent & Myke Towers,2025-08-15,2025-08-23,9,47,2025-08-17,2
Suano - NTG & Amenazzy,2025-05-16,2025-08-09,80,6,2025-06-02,17
Supernova - Saiko,2024-05-18,2024-12-16,201,1,2024-05-18,0
T'as peur - Aya Nakamura,2024-05-18,2024-05-21,4,45,2024-05-18,0
TAMBIÉN - Myke Towers,2025-08-24,2025-11-27,88,5,2025-10-06,43
TE FALLÉ - Quevedo,2025-11-24,2025-11-27,4,17,2025-11-24,0
TELEFONO NUEVO - Bad Bunny,2024-10-14,2024-10-28,15,9,2024-10-14,0
THUNDER Y LIGHTNING - Bad Bunny,2024-10-14,2024-11-17,35,14,2024-10-14,0
TQG - KAROL G,2024-05-18,2025-08-08,120,9,2024-05-18,0
TQMQA - Eladio Carrion,2024-12-17,2025-01-26,32,15,2025-01-21,35
TU$$I (with Dei V) - YOVNGCHIMI,2025-03-01,2025-08-16,160,11,2025-03-19,18
TUYA - ROSALÍA,2024-06-11,2024-07-18,38,6,2024-06-11,0
Tacos Gucci - Anuel AA,2025-02-18,2025-03-05,13,19,2025-02-22,4
Tanta Droga - Eladio Carrion,2025-01-21,2025-01-21,1,27,2025-01-21,0
Taste - Sabrina Carpenter,2025-08-29,2025-09-03,6,47,2025-08-31,2
Tattoo - Loreen,2024-05-18,2024-06-02,16,21,2024-05-18,0
Te Menti - Ozuna & Saiko & Ovy On The Drums,2024-09-19,2024-09-29,11,38,2024-09-20,1
Tengo Un Plan - Key-Key,2025-04-04,2025-06-11,69,11,2025-04-14,10
Thalía - Cyril Kamer,2025-03-15,2025-06-04,81,9,2025-04-09,25
Thalía - Remix - Cyril Kamer & Rvfv & Polimá Westcoast,2025-07-18,2025-08-23,34,25,2025-08-04,17
The Code - Nemo,2025-05-14,2025-05-18,5,24,2025-05-14,0
The Emptiness Machine - Linkin Park,2025-09-11,2025-10-02,17,30,2025-09-13,2
Timeless (with Playboi Carti) - The Weeknd & Playboi Carti,2025-09-29,2025-09-29,1,50,2025-09-29,0
Todo Contigo - Álvaro De Luna,2024-05-18,2024-09-23,129,12,2024-05-18,0
Todo Lit - Eladio Carrion,2025-01-21,2025-01-21,1,23,2025-01-21,0
Toy en el Mic - Bizarrap & Milo j,2024-10-07,2024-10-13,7,24,2024-10-10,3
Tranquila Baby - Eladio Carrion,2025-01-21,2025-01-21,1,32,2025-01-21,0
Trato De Estar Bien - Duki,2025-11-03,2025-11-09,5,37,2025-11-03,0
Trending Remix (with Myke Towers) - Dei V,2025-03-03,2025-07-20,137,10,2025-03-10,7
Tu Ritmo - Eladio Carrion,2025-01-21,2025-01-21,1,21,2025-01-21,0
Tu Silueta - Diegote,2025-07-14,2025-10-28,106,5,2025-07-31,17
Tú Con Él - Rauw Alejandro,2025-11-17,2025-11-23,7,12,2025-11-17,0
UN DESEO - Mora,2024-08-30,2024-08-31,2,20,2024-08-30,0
UN PREVIEW - Bad Bunny,2024-09-27,2024-11-02,37,1,2024-09-27,0
UNA BACHATA - Lola Indigo,2025-02-04,2025-04-27,77,8,2025-02-04,0
UWAIE - Kapo,2025-08-20,2025-11-27,100,2,2025-08-29,9
Un Desperdicio - Rels B,2025-04-28,2025-05-15,16,29,2025-05-08,10
Un Rodeoooo - Rels B,2024-07-23,2024-09-23,57,36,2024-08-10,18
Una Foto Remix (feat. Emilia) - Mesita & Nicki Nicole & Tiago PZK,2025-01-11,2025-06-15,154,6,2025-02-01,21
Una Velita - Bad Bunny,2025-09-22,2025-09-27,6,7,2025-09-22,0
Underneath the Tree - Kelly Clarkson,2024-12-25,2024-12-27,3,22,2024-12-25,0
VAGABUNDO - Sebastian Yatra,2024-09-24,2024-09-26,3,14,2024-09-24,0
VAGABUNDO - Sebastian Yatra & Manuel Turizo & Beéle,2024-05-18,2025-10-16,385,3,2024-06-04,17
VENTE CONMIGO - Feid,2024-08-06,2024-08-12,7,22,2024-08-06,0
VISTA AL MAR - Quevedo,2024-05-21,2024-07-29,33,43,2024-05-30,9
VOLVER - Tainy,2024-07-02,2024-07-02,1,49,2024-07-02,0
VOU 787 - Bad Bunny,2024-10-14,2024-10-18,5,13,2024-10-14,0
VUELVE CANDY B - Bad Bunny,2024-10-14,2024-10-18,5,19,2024-10-14,0
"VVS Switch (feat. Hades66, Luar La L & CDobleta) - Remix - Pressure 9X19 & Anuel AA & YOVNGCHIMI",2025-03-17,2025-03-30,13,13,2025-03-17,0
Vacile - Yan Block,2025-08-15,2025-11-27,105,16,2025-10-17,63
Vida De Rock - Duki,2025-11-03,2025-11-10,8,34,2025-11-07,4
WANDA - Quevedo,2024-05-18,2024-12-07,145,18,2024-05-18,0
WHERE SHE GOES - Bad Bunny,2024-05-21,2024-10-28,154,1,2024-05-21,0
WYA REMIX RED - J Abdiel & De La Rose & Yan Block,2025-06-19,2025-11-16,140,22,2025-07-12,23
Whisky - Samuel G & Oscar el Ruso & Aissa,2025-07-17,2025-07-31,15,30,2025-07-21,4
X'CLUSIVO - Gonzy,2025-01-31,2025-03-09,38,3,2025-03-02,30
X'CLUSIVO - REMIX - Gonzy,2025-10-13,2025-11-23,42,21,2025-10-13,0
X'CLUSIVO - REMIX - Gonzy & SAIKO & Arcángel,2025-03-03,2025-10-12,220,1,2025-03-03,0
Xxx_Rosario_xxX - Saiko,2024-12-24,2025-01-05,13,23,2024-12-24,0
YO LO SOÑÉ - SAIKO,2025-04-28,2025-08-16,109,1,2025-04-30,2
YO LO SOÑÉ - SAIKO & Omar Montes,2025-04-19,2025-04-27,9,2,2025-04-25,6
YO TENGO UN NOVIO - Lola Indigo,2024-12-17,2024-12-24,8,18,2024-12-21,4
YOTULOKO - Omar Montes & Rels B,2025-07-14,2025-11-05,114,22,2025-07-27,13
Ya es Navidad Popurrí: Ya es Navidad- Zúmbale a la pandereta - Ya vienen los Reyes Magos - Arre Borriquito - Ya es Navidad - Raya Real,2024-12-25,2024-12-25,1,34,2024-12-25,0
Yandel 150 - Yandel,2024-05-18,2024-09-23,125,10,2024-05-18,0
Yankee 150 - Yandel & Feid & Daddy Yankee,2024-06-18,2024-06-18,1,46,2024-06-18,0
Yo sé - Yan Block & TORRRES,2025-11-01,2025-11-27,26,8,2025-11-22,21
"Young Miko: Bzrp Music Sessions, Vol. 58 - Bizarrap & Young Miko",2025-01-13,2025-04-26,101,1,2025-01-13,0
ZORRA - Nebulossa,2025-02-05,2025-05-18,21,8,2025-02-05,0
a new star (2 0 2 4) - Rels B,2025-05-09,2025-05-30,16,32,2025-05-16,7
caída del cielo <3 - Rels B,2025-04-28,2025-05-01,2,38,2025-04-28,0
do it 4 th€ gram - Cruz Cafuné,2025-07-21,2025-07-21,1,34,2025-07-21,0
don't liE - Duki,2024-06-25,2024-06-29,5,44,2024-06-28,3
haz lo que quieras conmigo - Walls,2025-09-22,2025-10-19,20,33,2025-09-22,0
i like the way you kiss me - Artemas,2025-04-04,2025-05-02,21,19,2025-04-18,14
la noia - Angelina Mango,2025-05-14,2025-05-14,1,47,2025-05-14,0
la raíz d€l mal - Cruz Cafuné,2025-07-21,2025-07-26,4,42,2025-07-21,0
lady madrizZz - céro,2024-11-03,2025-03-02,118,8,2024-11-16,13
miamor - Aitana,2024-09-24,2024-09-26,3,34,2024-09-24,0
miamor - Aitana & Rels B,2024-08-26,2024-09-23,29,4,2024-08-26,0
m€ntiras - Cruz Cafuné,2025-07-21,2025-07-21,1,43,2025-07-21,0
offline - Young Miko,2025-04-07,2025-06-15,69,16,2025-04-09,2
rang€ rov€r - Cruz Cafuné,2025-07-21,2025-07-21,1,47,2025-07-21,0
rompeolas - Martin Urrutia,2025-04-12,2025-04-18,2,39,2025-04-18,6
un x100to - Grupo Frontera & Bad Bunny,2024-05-18,2024-06-14,27,31,2024-05-21,3
vampire - Olivia Rodrigo,2024-07-02,2024-07-02,1,48,2024-07-02,0
we can't be friends (wait for your love) - Ariana Grande,2025-03-11,2025-03-20,8,31,2025-03-13,2
"yes, and? - Ariana Grande",2025-01-14,2025-01-20,7,30,2025-01-18,4
